{
  "backbone.0.0": 3.3594976067694766,
  "backbone.0.1": 2.550184439625915,
  "backbone.0.2": 2.6212775420458163,
  "backbone.1.block.0.0": 1.856112271684364,
  "backbone.1.block.0.1": 2.2328336151730372,
  "backbone.1.block.0.2": 1.752822590331164,
  "backbone.1.block.1.0": 2.9658993474159563,
  "backbone.1.block.1.1": 1.8820462906663828,
  "backbone.2.block.0.0": 2.4354022877516486,
  "backbone.2.block.0.1": 1.5045174780926482,
  "backbone.2.block.0.2": 1.5647514394935067,
  "backbone.2.block.1.0": 1.9920727857582958,
  "backbone.2.block.1.1": 2.2465342949178617,
  "backbone.2.block.1.2": 2.71172713196775,
  "backbone.2.block.2.0": 5.081149973126638,
  "backbone.2.block.2.1": 4.033531892219003,
  "backbone.3.block.0.0": 3.000664261901562,
  "backbone.3.block.0.1": 3.2936680064453774,
  "backbone.3.block.0.2": 2.8520677789292197,
  "backbone.3.block.1.0": 2.722884279838063,
  "backbone.3.block.1.1": 3.4260281886618604,
  "backbone.3.block.1.2": 2.8294147344531404,
  "backbone.3.block.2.0": 4.854586506285349,
  "backbone.3.block.2.1": 4.295314342043675,
  "backbone.4.block.0.0": 3.225849082494447,
  "backbone.4.block.0.1": 3.577108278596658,
  "backbone.4.block.0.2": 2.7591375082762157,
  "backbone.4.block.1.0": 3.797417858552653,
  "backbone.4.block.1.1": 3.9140029513978156,
  "backbone.4.block.1.2": 3.898126910752143,
  "backbone.4.block.2.avgpool": 6.215879491716217,
  "backbone.4.block.2.fc1": 3.6059439164174387,
  "backbone.4.block.2.fc2": 5.636808826491016,
  "backbone.4.block.2.activation": 3.0741439479370163,
  "backbone.4.block.2.scale_activation": 4.911247439556503,
  "backbone.4.block.3.0": 6.60993094162746,
  "backbone.4.block.3.1": 5.169251911955098,
  "backbone.5.block.0.0": 4.158661424810486,
  "backbone.5.block.0.1": 4.3365289776540035,
  "backbone.5.block.0.2": 3.5174240313009646,
  "backbone.5.block.1.0": 3.2503529811725995,
  "backbone.5.block.1.1": 3.5430137230092704,
  "backbone.5.block.1.2": 2.4605376955472864,
  "backbone.5.block.2.avgpool": 5.793958761910663,
  "backbone.5.block.2.fc1": 5.328617796390965,
  "backbone.5.block.2.fc2": 6.212210447210909,
  "backbone.5.block.2.activation": 4.6941117207988405,
  "backbone.5.block.2.scale_activation": 6.335030406734168,
  "backbone.5.block.3.0": 5.4399640877707105,
  "backbone.5.block.3.1": 4.176350084221544,
  "backbone.6.block.0.0": 4.665373884258106,
  "backbone.6.block.0.1": 4.87761701758267,
  "backbone.6.block.0.2": 3.8637483640061823,
  "backbone.6.block.1.0": 4.356065275409462,
  "backbone.6.block.1.1": 3.6137365010037645,
  "backbone.6.block.1.2": 2.6459134459132403,
  "backbone.6.block.2.avgpool": 6.39201753667381,
  "backbone.6.block.2.fc1": 3.871918271587084,
  "backbone.6.block.2.fc2": 6.913876483353662,
  "backbone.6.block.2.activation": 3.9532658278215203,
  "backbone.6.block.2.scale_activation": 6.880824756262905,
  "backbone.6.block.3.0": 6.0770592764873665,
  "backbone.6.block.3.1": 4.575291798997773,
  "backbone.7.block.0.0": 4.795256882035081,
  "backbone.7.block.0.1": 5.097774223011986,
  "backbone.7.block.0.2": 3.816909438703175,
  "backbone.7.block.1.0": 4.138931557074113,
  "backbone.7.block.1.1": 4.437012223038719,
  "backbone.7.block.1.2": 4.831982928614146,
  "backbone.7.block.2.0": 5.832398834967487,
  "backbone.7.block.2.1": 5.354342505975797,
  "backbone.8.block.0.0": 4.026627177439191,
  "backbone.8.block.0.1": 4.327524493858186,
  "backbone.8.block.0.2": 4.661970746296525,
  "backbone.8.block.1.0": 4.050485796120055,
  "backbone.8.block.1.1": 5.149877384791779,
  "backbone.8.block.1.2": 4.033012299978454,
  "backbone.8.block.2.0": 6.348489355771064,
  "backbone.8.block.2.1": 3.86661768919041,
  "backbone.9.block.0.0": 4.966610712758594,
  "backbone.9.block.0.1": 4.70200623889955,
  "backbone.9.block.0.2": 4.600052513938421,
  "backbone.9.block.1.0": 3.7855823458488653,
  "backbone.9.block.1.1": 5.551996734735834,
  "backbone.9.block.1.2": 3.8566597699913525,
  "backbone.9.block.2.0": 5.750305332786748,
  "backbone.9.block.2.1": 3.8348301949674553,
  "backbone.10.block.0.0": 4.537195523797086,
  "backbone.10.block.0.1": 4.294605789691811,
  "backbone.10.block.0.2": 3.7303451696478143,
  "backbone.10.block.1.0": 3.197139704034016,
  "backbone.10.block.1.1": 5.070374947652889,
  "backbone.10.block.1.2": 4.075100561745142,
  "backbone.10.block.2.0": 5.391284889518787,
  "backbone.10.block.2.1": 4.292132567252972,
  "backbone.11.block.0.0": 4.705893811716562,
  "backbone.11.block.0.1": 3.9546604178174887,
  "backbone.11.block.0.2": 3.6635016773445828,
  "backbone.11.block.1.0": 2.8767880812013886,
  "backbone.11.block.1.1": 3.365975884641355,
  "backbone.11.block.1.2": 2.2341052951863274,
  "backbone.11.block.2.avgpool": 6.397976539845886,
  "backbone.11.block.2.fc1": 6.338635316169311,
  "backbone.11.block.2.fc2": 7.287949800700445,
  "backbone.11.block.2.activation": 4.789869717100617,
  "backbone.11.block.2.scale_activation": 7.386065361671718,
  "backbone.11.block.3.0": 5.381244606288324,
  "backbone.11.block.3.1": 5.3393539904140805,
  "backbone.12.block.0.0": 4.561589981093782,
  "backbone.12.block.0.1": 4.710854616801596,
  "backbone.12.block.0.2": 4.368640401567766,
  "backbone.12.block.1.0": 3.522255936783615,
  "backbone.12.block.1.1": 3.4925078871044755,
  "backbone.12.block.1.2": 2.594356141466465,
  "backbone.12.block.2.avgpool": 6.218889847390519,
  "backbone.12.block.2.fc1": 6.3473455722670815,
  "backbone.12.block.2.fc2": 7.150871431694086,
  "backbone.12.block.2.activation": 5.015111674393902,
  "backbone.12.block.2.scale_activation": 7.073183060259073,
  "backbone.12.block.3.0": 5.456417927122658,
  "backbone.12.block.3.1": 5.107653342887804,
  "backbone.13.block.0.0": 4.98283088096536,
  "backbone.13.block.0.1": 4.878921321643626,
  "backbone.13.block.0.2": 3.4443686962666256,
  "backbone.13.block.1.0": 4.548455165843025,
  "backbone.13.block.1.1": 4.540361086704253,
  "backbone.13.block.1.2": 3.8265835462474067,
  "backbone.13.block.2.avgpool": 6.868839391015353,
  "backbone.13.block.2.fc1": 5.0333915623673935,
  "backbone.13.block.2.fc2": 7.088726965445574,
  "backbone.13.block.2.activation": 2.7918811253210416,
  "backbone.13.block.2.scale_activation": 7.0887270481472315,
  "backbone.13.block.3.0": 4.818623412483182,
  "backbone.13.block.3.1": 5.216039994440375,
  "backbone.14.block.0.0": 4.546727956776887,
  "backbone.14.block.0.1": 4.115175684154882,
  "backbone.14.block.0.2": 3.45966227446213,
  "backbone.14.block.1.0": 3.1219698804499414,
  "backbone.14.block.1.1": 3.970982171035328,
  "backbone.14.block.1.2": 3.2289641685779142,
  "backbone.14.block.2.avgpool": 5.860553711925347,
  "backbone.14.block.2.fc1": 5.614679718141906,
  "backbone.14.block.2.fc2": 7.190646300981324,
  "backbone.14.block.2.activation": 3.503851423907032,
  "backbone.14.block.2.scale_activation": 7.311184329057014,
  "backbone.14.block.3.0": 5.121364063746666,
  "backbone.14.block.3.1": 4.786097613624147,
  "backbone.15.block.0.0": 4.522743989853143,
  "backbone.15.block.0.1": 4.556545582101667,
  "backbone.15.block.0.2": 3.4520577430314057,
  "backbone.15.block.1.0": 3.3162223700933655,
  "backbone.15.block.1.1": 3.9572427861010224,
  "backbone.15.block.1.2": 3.189255929482193,
  "backbone.15.block.2.avgpool": 5.588042844086631,
  "backbone.15.block.2.fc1": 5.021053436715669,
  "backbone.15.block.2.fc2": 6.200304147262424,
  "backbone.15.block.2.activation": 2.4004518959138843,
  "backbone.15.block.2.scale_activation": 6.69420303609726,
  "backbone.15.block.3.0": 4.860556470925787,
  "backbone.15.block.3.1": 4.6561808655929475,
  "backbone.16.0": 4.61424754216518,
  "backbone.16.1": 4.476920098532571,
  "backbone.16.2": 2.733222427214322,
  "classifier.0.convs.0.0": 4.796568514316282,
  "classifier.0.convs.0.1": 4.58711329351472,
  "classifier.0.convs.0.2": 2.980604183625686,
  "classifier.0.convs.1.0": 5.065790499966718,
  "classifier.0.convs.1.1": 4.875319627174922,
  "classifier.0.convs.1.2": 2.947291786640496,