{
  "backbone.0.0": 4.647327086097689,
  "backbone.0.1": 4.8722114008403885,
  "backbone.0.2": 3.0081504453970154,
  "backbone.1.block.0.0": 5.240131401888365,
  "backbone.1.block.0.1": 5.604045166331346,
  "backbone.1.block.0.2": 1.9146784165771966,
  "backbone.1.block.1.0": 4.8611751242420755,
  "backbone.1.block.1.1": 5.214305956269488,
  "backbone.2.block.0.0": 5.010880725853664,
  "backbone.2.block.0.1": 4.100823890939838,
  "backbone.2.block.0.2": 1.9929242172614081,
  "backbone.2.block.1.0": 5.360627850570675,
  "backbone.2.block.1.1": 5.524949956892407,
  "backbone.2.block.1.2": 3.129010665161957,
  "backbone.2.block.2.0": 6.233626635685207,
  "backbone.2.block.2.1": 5.640003428232594,
  "backbone.3.block.0.0": 5.487537452616639,
  "backbone.3.block.0.1": 5.908031926436754,
  "backbone.3.block.0.2": 3.471756721341334,
  "backbone.3.block.1.0": 5.667197237733299,
  "backbone.3.block.1.1": 5.836013358800227,
  "backbone.3.block.1.2": 3.3857979173765758,
  "backbone.3.block.2.0": 6.093989796170616,
  "backbone.3.block.2.1": 5.641442605356465,
  "backbone.4.block.0.0": 4.754050115451199,
  "backbone.4.block.0.1": 5.342959008528726,
  "backbone.4.block.0.2": 3.2141136195094,
  "backbone.4.block.1.0": 5.645278221722261,
  "backbone.4.block.1.1": 5.736245644682109,
  "backbone.4.block.1.2": 4.1803198411350655,
  "backbone.4.block.2.avgpool": 6.2432223304134125,
  "backbone.4.block.2.fc1": 3.692109479717528,
  "backbone.4.block.2.fc2": 6.352676726646821,
  "backbone.4.block.2.activation": 3.151120946963003,
  "backbone.4.block.2.scale_activation": 5.529290494991599,
  "backbone.4.block.3.0": 7.064972612578986,
  "backbone.4.block.3.1": 5.642785168227064,
  "backbone.5.block.0.0": 5.322005383218725,
  "backbone.5.block.0.1": 5.80013204738904,
  "backbone.5.block.0.2": 4.169427338039703,
  "backbone.5.block.1.0": 5.479164241055028,
  "backbone.5.block.1.1": 5.464459413300273,
  "backbone.5.block.1.2": 2.75684733065534,
  "backbone.5.block.2.avgpool": 6.43247941990928,
  "backbone.5.block.2.fc1": 7.241069051155551,
  "backbone.5.block.2.fc2": 6.965331045862943,
  "backbone.5.block.2.activation": 4.749697257746348,
  "backbone.5.block.2.scale_activation": 6.329078115562785,
  "backbone.5.block.3.0": 6.0038811592442745,
  "backbone.5.block.3.1": 5.387699350603416,
  "backbone.6.block.0.0": 5.549656308415973,
  "backbone.6.block.0.1": 5.890770143175803,
  "backbone.6.block.0.2": 4.35219787572555,
  "backbone.6.block.1.0": 5.530999964649064,
  "backbone.6.block.1.1": 5.654434952400122,
  "backbone.6.block.1.2": 3.433921819045351,
  "backbone.6.block.2.avgpool": 6.93460153521887,
  "backbone.6.block.2.fc1": 6.9417286283783985,
  "backbone.6.block.2.fc2": 7.310655582338466,
  "backbone.6.block.2.activation": 4.061414103506542,
  "backbone.6.block.2.scale_activation": 6.8812940911443,
  "backbone.6.block.3.0": 6.454256933661046,
  "backbone.6.block.3.1": 5.90951669634191,
  "backbone.7.block.0.0": 5.7607576689238265,
  "backbone.7.block.0.1": 5.882202385200603,
  "backbone.7.block.0.2": 4.235717081238485,
  "backbone.7.block.1.0": 4.809702074085548,
  "backbone.7.block.1.1": 5.629150836469453,
  "backbone.7.block.1.2": 5.612160203427671,
  "backbone.7.block.2.0": 6.431405052994743,
  "backbone.7.block.2.1": 6.06667147808692,
  "backbone.8.block.0.0": 5.483489517742047,
  "backbone.8.block.0.1": 5.63415279463851,
  "backbone.8.block.0.2": 5.374734014035871,
  "backbone.8.block.1.0": 5.50897229337589,
  "backbone.8.block.1.1": 6.332034867736601,
  "backbone.8.block.1.2": 4.854773685456835,
  "backbone.8.block.2.0": 6.504245811216263,
  "backbone.8.block.2.1": 5.733189550443836,
  "backbone.9.block.0.0": 6.040566006534826,
  "backbone.9.block.0.1": 5.875140278881735,
  "backbone.9.block.0.2": 5.375366518521644,
  "backbone.9.block.1.0": 5.926750794732821,
  "backbone.9.block.1.1": 6.451201748445964,
  "backbone.9.block.1.2": 4.572678442282943,
  "backbone.9.block.2.0": 5.882480821013563,
  "backbone.9.block.2.1": 5.311491597922725,
  "backbone.10.block.0.0": 5.247096194850268,
  "backbone.10.block.0.1": 5.323930113352616,
  "backbone.10.block.0.2": 4.131246931099836,
  "backbone.10.block.1.0": 4.986724365881651,
  "backbone.10.block.1.1": 6.14067681347597,
  "backbone.10.block.1.2": 4.768894025617267,
  "backbone.10.block.2.0": 5.855648870143411,
  "backbone.10.block.2.1": 5.484903961762235,
  "backbone.11.block.0.0": 5.610102247027947,
  "backbone.11.block.0.1": 5.829833609143826,
  "backbone.11.block.0.2": 4.4864990781007075,
  "backbone.11.block.1.0": 5.323220966135869,
  "backbone.11.block.1.1": 6.172942332071327,
  "backbone.11.block.1.2": 3.1357743505689357,
  "backbone.11.block.2.avgpool": 7.190871284758008,
  "backbone.11.block.2.fc1": 7.271111108976608,
  "backbone.11.block.2.fc2": 7.499742474796292,
  "backbone.11.block.2.activation": 4.969216583851839,
  "backbone.11.block.2.scale_activation": 7.493703066775485,
  "backbone.11.block.3.0": 5.945276882502801,
  "backbone.11.block.3.1": 6.107484702643074,
  "backbone.12.block.0.0": 5.562535108896601,
  "backbone.12.block.0.1": 5.593147186325682,
  "backbone.12.block.0.2": 4.835650816790251,
  "backbone.12.block.1.0": 4.989550404095064,
  "backbone.12.block.1.1": 5.290657929060227,
  "backbone.12.block.1.2": 3.1928352111266616,
  "backbone.12.block.2.avgpool": 6.907034608031342,
  "backbone.12.block.2.fc1": 6.8145721791960385,
  "backbone.12.block.2.fc2": 7.33038630627185,
  "backbone.12.block.2.activation": 5.089911703669229,
  "backbone.12.block.2.scale_activation": 7.0831089301808845,
  "backbone.12.block.3.0": 6.020000155517447,
  "backbone.12.block.3.1": 5.817751330841848,
  "backbone.13.block.0.0": 5.730842685985477,
  "backbone.13.block.0.1": 5.88817876789178,
  "backbone.13.block.0.2": 3.9549069591043566,
  "backbone.13.block.1.0": 5.677256865320375,
  "backbone.13.block.1.1": 5.344921965788534,
  "backbone.13.block.1.2": 4.105625906239148,
  "backbone.13.block.2.avgpool": 7.20665443795336,
  "backbone.13.block.2.fc1": 6.155395186803561,
  "backbone.13.block.2.fc2": 7.152005035805013,
  "backbone.13.block.2.activation": 2.8457635052987174,
  "backbone.13.block.2.scale_activation": 7.152005525497662,
  "backbone.13.block.3.0": 5.771169225512503,
  "backbone.13.block.3.1": 5.843342304436879,
  "backbone.14.block.0.0": 5.589333990322214,
  "backbone.14.block.0.1": 5.432357902008422,
  "backbone.14.block.0.2": 3.9161716172618384,
  "backbone.14.block.1.0": 5.166760771857088,
  "backbone.14.block.1.1": 5.262729553495875,
  "backbone.14.block.1.2": 3.586418249052496,
  "backbone.14.block.2.avgpool": 6.896776090786982,
  "backbone.14.block.2.fc1": 6.406972657551999,
  "backbone.14.block.2.fc2": 7.338361815329721,
  "backbone.14.block.2.activation": 3.5637173681169276,
  "backbone.14.block.2.scale_activation": 7.397326223287109,
  "backbone.14.block.3.0": 5.788178623083617,
  "backbone.14.block.3.1": 5.646794166413381,
  "backbone.15.block.0.0": 5.621420840121441,
  "backbone.15.block.0.1": 5.55243163325205,
  "backbone.15.block.0.2": 3.8439721848581563,
  "backbone.15.block.1.0": 5.53619713643605,
  "backbone.15.block.1.1": 5.3301143900353125,
  "backbone.15.block.1.2": 3.6332474799885146,
  "backbone.15.block.2.avgpool": 6.920383476422126,
  "backbone.15.block.2.fc1": 5.888544186401835,
  "backbone.15.block.2.fc2": 6.77963520337152,
  "backbone.15.block.2.activation": 2.460477223442812,
  "backbone.15.block.2.scale_activation": 6.864404535537508,
  "backbone.15.block.3.0": 5.775410576451301,
  "backbone.15.block.3.1": 5.811273129652859,
  "backbone.16.0": 5.890904160617106,
  "backbone.16.1": 5.769767505603976,
  "backbone.16.2": 3.563316293671697,
  "classifier.0.convs.0.0": 5.905896290561552,
  "classifier.0.convs.0.1": 5.968434029656822,
  "classifier.0.convs.0.2": 3.3585777339747263,
  "classifier.0.convs.1.0": 6.490329431025184,
  "classifier.0.convs.1.1": 6.185223669954225,
  "classifier.0.convs.1.2": 3.523737146906676,
  "classifier.0.convs.2.0": 6.217329501258097,