{
  "train_loss": [
    0.17606441987894295
  ],
  "val_loss": [
    0.23346645721504766
  ]
}