{
  "train_loss": [
    0.2098282655348649,
    0.20271181480304615,
    0.18717663167296228,
    0.1904640811923388,
    0.17467110314079234,
    0.16740214542762652,
    0.1642587479707357
  ],
  "val_loss": [
    0.27585995485705717,
    0.2357531165884387,
    0.24326203042461025,
    0.22580580942092404,
    0.2280434913212253,
    0.22196925119046243,
    0.22074313942463167
  ]
}