{
  "train_loss": [
    0.2093812228860082,
    0.20156894849764334,
    0.18211303373446336,
    0.17834558784961702,
    0.1671075085127676
  ],
  "val_loss": [
    0.2859173700694115,
    0.23416076744756392,
    0.23163590171644766,
    0.23149071874157076,
    0.22529663433951716
  ]
}