{
  "train_loss": [
    0.17607066183880654,
    0.17893841551400902,
    0.16934159213320585,
    0.1666423252249021,
    0.16573095064600202
  ],
  "val_loss": [
    0.23342464599878557,
    0.22580611633677636,
    0.22190012157924713,
    0.22517675882385624,
    0.22762432574264466
  ]
}